,,,"ACKNOWLEDGEMENTS,AUTHORS,CHANGES,CONTRIBUTING,FAQ,INSTALL,LICENSE,NEWS,README,README.ECC,README.ENGINE,README.FIPS,VMS,h"
apps,apps,,"c,h,cnf,pem"
crypto,crypto,,"c,h,pl,S"
crypto/aes,crypto/aes,,"c,h"
crypto/aes/asm,crypto/aes/asm,,"pl,S"
crypto/asn1,crypto/asn1,,"c,h,pl"
crypto/async,crypto/async,,"c,h"
crypto/async/arch,crypto/async/arch,,"c,h"
crypto/bf,crypto/bf,,"c,h"
crypto/bf/asm,crypto/bf/asm,,pl
crypto/bio,crypto/bio,,"c,h"
crypto/blake2,crypto/blake2,,"c,h"
crypto/bn,crypto/bn,,"c,h,pl"
crypto/bn/asm,crypto/bn/asm,,"pl,asm,s,S,c"
crypto/buffer,crypto/buffer,,c
crypto/camellia,crypto/camellia,,"c,h"
crypto/camellia/asm,crypto/camellia/asm,,pl
crypto/cast,crypto/cast,,"c,h"
crypto/cast/asm,crypto/cast/asm,,pl
crypto/chacha,crypto/chacha,,c
crypto/chacha/asm,crypto/chacha/asm,,pl
crypto/cmac,crypto/cmac,,c
crypto/cms,crypto/cms,,"c,h"
crypto/comp,crypto/comp,,"c,h"
crypto/conf,crypto/conf,,"c,h,pl"
crypto/ct,crypto/ct,,"c,h"
crypto/des,crypto/des,,"c,h"
crypto/des/asm,crypto/des/asm,,pl
crypto/dh,crypto/dh,,"c,h"
crypto/dsa,crypto/dsa,,"c,h"
crypto/dso,crypto/dso,,"c,h"
crypto/ec,crypto/ec,,"c,h"
crypto/ec/asm,crypto/ec/asm,,pl
crypto/engine,crypto/engine,,"c,h,README"
crypto/err,crypto/err,,c
crypto/evp,crypto/evp,,"c,h"
crypto/hmac,crypto/hmac,,"c,h"
crypto/idea,crypto/idea,,"c,h"
crypto/include/internal,crypto/include/internal,,"h,in"
crypto/kdf,crypto/kdf,,c
crypto/lhash,crypto/lhash,,"c,h,pl"
crypto/md2,crypto/md2,,c
crypto/md4,crypto/md4,,"c,h"
crypto/md5,crypto/md5,,"c,h"
crypto/md5/asm,crypto/md5/asm,,"pl,S"
crypto/mdc2,crypto/mdc2,,c
crypto/modes,crypto/modes,,"c,h"
crypto/modes/asm,crypto/modes/asm,,pl
crypto/objects,crypto/objects,,"c,h,pl,num,txt,README"
crypto/ocsp,crypto/ocsp,,"c,h"
crypto/pem,crypto/pem,,c
crypto/perlasm,crypto/perlasm,,pl
crypto/pkcs12,crypto/pkcs12,,"c,h"
crypto/pkcs7,crypto/pkcs7,,c
crypto/poly1305,crypto/poly1305,,c
crypto/poly1305/asm,crypto/poly1305/asm,,pl
crypto/rand,crypto/rand,,"c,h"
crypto/rc2,crypto/rc2,,"c,h"
crypto/rc4,crypto/rc4,,"c,h"
crypto/rc4/asm,crypto/rc4/asm,,pl
crypto/rc5,crypto/rc5,,"c,h"
crypto/rc5/asm,crypto/rc5/asm,,pl
crypto/ripemd,crypto/ripemd,,"c,h"
crypto/ripemd/asm,crypto/ripemd/asm,,pl
crypto/rsa,crypto/rsa,,"c,h"
crypto/seed,crypto/seed,,"c,h"
crypto/sha,crypto/sha,,"c,h"
crypto/sha/asm,crypto/sha/asm,,pl
crypto/srp,crypto/srp,,c
crypto/stack,crypto/stack,,c
crypto/ts,crypto/ts,,"c,h"
crypto/txt_db,crypto/txt_db,,c
crypto/ui,crypto/ui,,"c,h"
crypto/whrlpool,crypto/whrlpool,,"c,h"
crypto/whrlpool/asm,crypto/whrlpool/asm,,pl
crypto/x509,crypto/x509,,"c,h"
crypto/x509v3,crypto/x509v3,,"c,h"
demos,demos,skip,
doc,doc,skip,
engines,engines,,"c,h"
engines/afalg,engines/afalg,,"c,h"
engines/asm,engines/asm,,pl
engines/vendor_defns,engines/vendor_defns,,"h,in"
fuzz,fuzz,skip,
external,external,skip,
include/internal,include/internal,,h
include/openssl,include/openssl,,"h,in"
ms,ms,,"c,h,pl"
os-dep,os-dep,skip,
ssl,ssl,,"c,h"
ssl/record,ssl/record,,"c,h"
ssl/statem,ssl/statem,,"c,h"
test,test,,"c,md,h,txt,pem,in,conf"
test/certs,test/certs,,"pem,sct"
test/ct,test/ct,,"conf,sct"
test/d2i-tests,test/d2i-tests,,der
test/ocsp-tests,test/ocsp-tests,skip,
test/recipes,test/recipes,skip,
test/smime-certs,test/smime-certs,skip,
test/ssl-tests,test/ssl-tests,skip,
tools,tools,,in
util,util,,"num,pl"
